{"cameraMode":{"drawMode":0,"name":"Shaded","section":"Shading Mode"},"sceneLighting":false,"audioPlay":false,"sceneViewState":{"showFog":true,"showMaterialUpdate":true,"showSkybox":false,"showFlares":true,"showImageEffects":true,"showParticleSystems":true},"in2DMode":false,"pivot":{"x":-15.741138458251954,"y":-7.9792585372924809,"z":5.561859130859375},"rotation":{"x":0.15796050429344178,"y":-0.7092961072921753,"z":0.16816926002502442,"w":0.6661331057548523},"size":28.261978149414064,"orthographic":false}