{"cameraMode":{"drawMode":0,"name":"Shaded","section":"Shading Mode"},"sceneLighting":true,"audioPlay":false,"sceneViewState":{"showFog":true,"showMaterialUpdate":true,"showSkybox":true,"showFlares":true,"showImageEffects":true,"showParticleSystems":true},"in2DMode":false,"pivot":{"x":15.57124137878418,"y":-24.176116943359376,"z":32.91823196411133},"rotation":{"x":0.2969270348548889,"y":0.1895533800125122,"z":-0.060274459421634677,"w":0.9339868426322937},"size":70.58985137939453,"orthographic":false}