{"cameraMode":{"drawMode":0,"name":"Shaded","section":"Shading Mode"},"sceneLighting":false,"audioPlay":false,"sceneViewState":{"showFog":true,"showMaterialUpdate":true,"showSkybox":false,"showFlares":true,"showImageEffects":true,"showParticleSystems":true},"in2DMode":false,"pivot":{"x":-45.37697982788086,"y":-27.39183807373047,"z":-0.5977339744567871},"rotation":{"x":0.2698245346546173,"y":-0.6140894293785095,"z":0.23556303977966309,"w":0.7033157348632813},"size":70.58985137939453,"orthographic":false}