{"cameraMode":{"drawMode":0,"name":"Shaded","section":"Shading Mode"},"sceneLighting":false,"audioPlay":false,"sceneViewState":{"showFog":true,"showMaterialUpdate":true,"showSkybox":false,"showFlares":true,"showImageEffects":true,"showParticleSystems":true},"in2DMode":false,"pivot":{"x":-4.40518856048584,"y":4.354498863220215,"z":0.5812234878540039},"rotation":{"x":0.33977627754211428,"y":-0.6177620887756348,"z":0.3361312448978424,"w":0.6244622468948364},"size":70.58985137939453,"orthographic":false}