{"cameraMode":{"drawMode":0,"name":"Shaded","section":"Shading Mode"},"sceneLighting":false,"audioPlay":false,"sceneViewState":{"showFog":true,"showMaterialUpdate":true,"showSkybox":false,"showFlares":true,"showImageEffects":true,"showParticleSystems":true},"in2DMode":false,"pivot":{"x":-4.40518856048584,"y":4.354498863220215,"z":0.5812234878540039},"rotation":{"x":-0.0974084883928299,"y":0.6855813264846802,"z":-0.09332685172557831,"w":-0.7154207229614258},"size":70.58985137939453,"orthographic":false}